<ImportExportXml xmlns:xsi="http://www.w3.org/2001/XMLSchema-instance">
  <Entities></Entities>
  <Roles></Roles>
  <Workflows></Workflows>
  <FieldSecurityProfiles></FieldSecurityProfiles>
  <Templates />
  <EntityMaps />
  <EntityRelationships />
  <OrganizationSettings />
  <optionsets />
  <CustomControls />
  <EntityDataProviders />
  <CanvasApps>
    <CanvasApp>
      <Name>ds__projectrequestapp_4d2e5</Name>
      <AppVersion>2021-11-28T15:33:17Z</AppVersion>
      <Status>Ready</Status>
      <CreatedByClientVersion>3.21111.36.0</CreatedByClientVersion>
      <MinClientVersion>3.21111.36.0</MinClientVersion>
      <Tags>{"primaryDeviceWidth":"1366","primaryDeviceHeight":"768","sienaVersion":"fe335fe4-0156-478d-bbf2-96531be8aacb","deviceCapabilities":"","supportsPortrait":"true","supportsLandscape":"true","primaryFormFactor":"Tablet","publisherVersion":"3.21111.36","minimumRequiredApiVersion":"2.2.0","hasComponent":"true","hasUnlockedComponent":"true","isUnifiedRootApp":"false"}</Tags>
      <IsCdsUpgraded>0</IsCdsUpgraded>
      <GalleryItemId xsi:nil="true"></GalleryItemId>
      <BackgroundColor>rgba(240, 246, 255, 1)</BackgroundColor>
      <DisplayName>Project Request App</DisplayName>
      <Description xsi:nil="true"></Description>
      <CommitMessage xsi:nil="true"></CommitMessage>
      <Publisher xsi:nil="true"></Publisher>
      <AuthorizationReferences>[]</AuthorizationReferences>
      <ConnectionReferences>{"7536c178-4937-47b1-94b6-f2f600cfef3e":{"id":"/providers/microsoft.powerapps/apis/shared_office365users","displayName":"Office 365 Users","iconUri":"https://connectoricons-prod.azureedge.net/releases/v1.0.1528/1.0.1528.2589/office365users/icon.png","dataSources":["Office365Users"],"dependencies":[],"dependents":[],"parameterHints":{},"parameterHintsV2":{},"isOnPremiseConnection":false,"bypassConsent":false,"dataSets":{},"apiTier":"Standard","actions":["MyProfile","SearchUser"]}}</ConnectionReferences>
      <DatabaseReferences>{"default.cds":{"databaseDetails":{"referenceType":"Environmental","environmentName":"default.cds","overrideValues":{"status":"NotSpecified"}},"dataSources":{"Project Request":{"entitySetName":"msdyn_projectrequests","logicalName":"msdyn_projectrequest"},"Users":{"entitySetName":"systemusers","logicalName":"systemuser"},"Business Units":{"entitySetName":"businessunits","logicalName":"businessunit"},"Positions":{"entitySetName":"positions","logicalName":"position"},"Queues":{"entitySetName":"queues","logicalName":"queue"},"Mailboxes":{"entitySetName":"mailboxes","logicalName":"mailbox"}}}}</DatabaseReferences>
      <AppComponents>[]</AppComponents>
      <AppComponentDependencies>[]</AppComponentDependencies>
      <CanConsumeAppPass>1</CanConsumeAppPass>
      <CanvasAppType>0</CanvasAppType>
      <BypassConsent>0</BypassConsent>
      <AdminControlBypassConsent>0</AdminControlBypassConsent>
      <EmbeddedApp xsi:nil="true"></EmbeddedApp>
      <IntroducedVersion>1.0</IntroducedVersion>
      <CdsDependencies>{"cdsdependencies":[{"logicalname":"msdyn_projectrequest","componenttype":1},{"logicalname":"systemuser","componenttype":1},{"logicalname":"businessunit","componenttype":1},{"logicalname":"position","componenttype":1},{"logicalname":"queue","componenttype":1},{"logicalname":"mailbox","componenttype":1}]}</CdsDependencies>
      <IsCustomizable>1</IsCustomizable>
      <BackgroundImageUri>/CanvasApps/ds__projectrequestapp_4d2e5_BackgroundImageUri</BackgroundImageUri>
      <DocumentUri>/CanvasApps/ds__projectrequestapp_4d2e5_DocumentUri.msapp</DocumentUri>
    </CanvasApp>
  </CanvasApps>
  <Languages>
    <Language>1033</Language>
  </Languages>
</ImportExportXml>